cgpa,scores,placement
6.87,90,0
9.75,96,1
8.66,76,1
7.99,47,0
5.78,46,0
5.78,53,0
5.29,95,0
9.33,94,1
8.01,42,0
8.54,89,1
5.1,55,0
9.85,94,1
9.16,58,0
6.06,90,0
5.91,57,0
5.92,91,0
6.52,55,0
7.62,47,0
7.16,99,1
6.46,72,0
8.06,88,1
5.7,51,0
6.46,92,0
6.83,50,0
7.28,44,0
8.93,66,1
6.0,51,0
7.57,56,0
7.96,45,0
5.23,72,0
8.04,44,0
5.85,96,0
5.33,67,0
9.74,53,0
9.83,44,0
9.04,93,1
6.52,95,0
5.49,98,0
8.42,72,1
7.2,89,1
5.61,87,0
7.48,80,1
5.17,58,0
9.55,61,1
6.29,44,0
8.31,98,1
6.56,41,0
7.6,69,1
7.73,86,1
5.92,78,0
9.85,43,0
8.88,72,1
9.7,52,0
9.47,59,0
7.99,93,1
9.61,46,0
5.44,54,0
5.98,62,0
5.23,53,0
6.63,62,0
6.94,58,0
6.36,93,0
9.14,68,1
6.78,95,0
6.4,59,0
7.71,68,1
5.7,63,0
9.01,57,0
5.37,49,0
9.93,80,1
8.86,96,1
5.99,47,0
5.03,65,0
9.08,68,1
8.53,49,0
8.65,56,0
8.86,41,0
5.37,45,0
6.79,97,0
5.58,44,0
9.32,67,1
8.12,80,1
6.65,44,0
5.32,57,0
6.55,65,0
6.63,59,0
8.65,80,1
8.19,88,1
9.44,66,1
7.36,88,1
5.6,51,0
8.57,46,0
8.8,98,1
7.81,42,0
8.85,49,0
7.47,73,1
7.61,64,1
7.14,74,1
5.13,55,0
5.54,41,0
5.16,99,0
8.18,63,1
6.57,49,0
7.54,77,1
9.54,61,1
6.25,65,0
7.05,82,1
8.78,94,1
6.14,78,0
5.38,66,0
6.45,68,0
5.81,86,0
9.65,77,1
9.04,59,0
8.17,66,1
9.36,80,1
9.02,93,1
5.93,59,0
9.46,83,1
7.7,58,0
9.04,59,0
9.48,74,1
6.59,86,0
5.55,41,0
6.14,69,0
7.14,92,1
9.09,73,1
9.3,61,1
5.03,42,0
7.55,45,0
7.09,54,0
6.11,66,0
5.6,49,0
6.69,48,0
9.71,72,1
6.62,71,0
7.59,87,1
8.52,45,0
6.82,80,0
9.86,98,1
9.81,75,1
6.26,98,0
7.49,99,1
6.5,41,0
6.42,68,0
5.18,43,0
8.05,40,0
7.51,58,0
5.26,65,0
6.39,64,0
9.54,49,0
6.2,92,0
5.72,54,0
7.45,98,1
9.93,61,1
6.21,90,0
8.36,87,1
8.81,60,1
6.19,98,0
8.64,95,1
6.84,61,0
8.16,75,1
8.17,73,1
7.68,69,1
5.45,64,0
9.18,84,1
6.6,67,0
5.93,40,0
5.2,88,0
7.95,84,1
8.39,43,0
5.08,46,0
7.56,88,1
6.13,48,0
8.23,75,1
5.87,58,0
8.45,40,0
6.93,49,0
9.68,75,1
5.69,48,0
6.71,84,0
5.57,85,0
9.62,81,1
9.39,71,1
6.29,71,0
8.3,45,0
9.09,87,1
7.78,77,1
7.65,56,0
6.21,49,0
5.47,89,0
9.49,66,1
9.5,93,1
8.17,89,1
6.7,74,0
6.75,91,0
8.63,98,1
9.49,60,1
9.44,64,1
8.9,67,1
8.21,86,1
5.42,54,0
5.81,43,0
9.49,68,1
8.03,98,1
5.05,48,0
5.51,66,0
8.32,65,1
5.03,58,0
5.8,95,0
7.74,67,1
8.46,56,0
8.26,82,1
6.12,96,0
8.56,80,1
6.19,81,0
6.63,89,0
8.73,59,0
8.25,84,1
9.25,79,1
8.29,78,1
7.84,88,1
5.47,92,0
6.84,62,0
6.33,86,0
6.22,71,0
9.87,91,1
6.97,86,0
9.46,72,1
8.16,96,1
8.97,85,1
7.51,44,0
7.88,82,1
7.46,87,1
5.98,73,0
8.61,79,1
6.4,50,0
5.12,100,0
8.23,89,1
5.89,42,0
9.7,97,1
9.77,72,1
9.57,50,0
6.85,55,0
5.08,57,0
9.64,69,1
7.14,87,1
9.83,94,1
9.82,49,0
9.27,57,0
6.47,77,0
6.93,58,0
9.26,75,1
6.58,98,0
5.85,52,0
7.78,95,1
9.68,85,1
8.48,42,0
7.85,49,0
5.49,77,0
8.08,40,0
9.95,94,1
5.7,95,0
7.59,66,1
9.39,85,1
8.7,47,0
8.49,90,1
8.51,85,1
6.8,81,0
6.47,56,0
9.05,48,0
9.05,100,1
9.34,45,0
9.57,82,1
7.56,64,1
7.51,78,1
8.99,88,1
8.25,99,1
8.51,67,1
8.98,72,1
9.45,93,1
6.69,76,0
6.88,48,0
5.47,57,0
7.89,95,1
5.18,98,0
7.33,60,1
7.71,41,0
6.43,100,0
7.95,97,1
5.15,82,0
5.19,98,0
9.11,99,1
6.8,77,0
5.64,97,0
7.61,79,1
8.85,75,1
6.08,89,0
8.11,99,1
5.43,82,0
5.26,76,0
7.66,54,0
7.7,67,1
8.19,57,0
8.63,73,1
9.88,61,1
7.58,50,0
6.61,97,0
8.98,96,1
6.35,52,0
7.19,43,0
5.39,61,0
5.13,46,0
9.81,100,1
9.18,82,1
8.48,93,1
7.04,63,1
5.87,43,0
5.78,67,0
6.25,54,0
7.75,40,0
8.57,94,1
8.3,42,0
6.4,53,0
9.77,77,1
8.69,89,1
7.77,96,1
8.06,40,0
7.1,77,1
6.24,77,0
6.78,60,0
8.79,87,1
5.07,68,0
5.58,44,0
5.23,88,0
5.2,49,0
9.28,67,1
8.52,60,1
7.37,89,1
5.49,46,0
7.46,42,0
7.37,84,1
5.87,86,0
7.17,59,0
6.99,58,0
8.08,74,1
8.18,43,0
5.23,44,0
6.87,40,0
8.13,43,0
7.52,51,0
9.28,99,1
8.29,66,1
5.81,95,0
5.35,81,0
8.21,62,1
5.13,64,0
7.93,60,1
9.7,100,1
7.88,97,1
6.94,91,0
8.22,63,1
7.29,64,1
7.73,84,1
9.71,94,1
6.93,85,0
9.81,71,1
9.53,94,1
5.98,71,0
5.35,44,0
5.5,75,0
5.09,85,0
5.47,81,0
8.42,88,1
5.36,81,0
6.59,97,0
9.22,78,1
5.12,55,0
9.07,72,1
6.41,88,0
5.59,60,0
8.48,100,1
8.14,48,0
9.39,45,0
8.68,90,1
9.02,84,1
6.41,74,0
5.89,78,0
8.75,61,1
9.03,80,1
9.95,93,1
7.06,44,0
6.86,81,0
8.88,62,1
6.7,56,0
9.65,51,0
9.29,62,1
7.14,55,0
8.75,42,0
8.77,69,1
5.52,96,0
9.51,61,1
7.53,48,0
9.13,68,1
6.6,86,0
9.48,76,1
6.95,62,0
5.05,52,0
9.53,71,1
5.46,85,0
6.6,91,0
9.75,86,1
9.75,87,1
7.87,62,1
8.16,84,1
7.24,56,0
6.47,94,0
6.64,79,0
8.36,60,1
8.76,41,0
8.96,76,1
8.95,45,0
5.46,83,0
7.47,57,0
5.29,69,0
7.75,61,1
7.21,93,1
9.44,72,1
6.75,69,0
5.59,56,0
5.71,82,0
8.81,71,1
8.09,81,1
5.51,90,0
5.42,53,0
8.5,97,1
5.36,49,0
9.11,86,1
8.53,99,1
5.41,90,0
5.42,75,0
9.93,73,1
6.87,48,0
6.85,81,0
9.06,67,1
9.74,50,0
9.93,53,0
8.77,78,1
6.88,94,0
5.42,86,0
8.89,93,1
7.79,58,0
7.12,93,1
9.53,54,0
5.56,67,0
7.46,63,1
5.06,47,0
7.34,82,1
5.28,100,0
5.59,48,0
5.59,86,0
8.25,72,1
8.73,72,1
7.92,58,0
9.81,42,0
6.87,49,0
6.43,79,0
9.34,86,1
6.12,81,0
9.82,40,0
5.06,68,0
9.85,89,1
5.22,73,0
9.46,90,1
7.64,52,0
9.96,93,1
5.37,40,0
7.77,73,1
9.85,68,1
7.62,87,1
8.15,86,1
8.48,52,0
7.27,87,1
8.14,88,1
7.92,92,1
9.51,100,1
5.23,68,0
6.4,78,0
9.75,63,1
9.45,65,1
7.28,56,0
8.1,46,0
6.39,52,0
5.94,44,0
7.32,65,1
6.77,88,0
7.92,42,0
5.39,46,0
9.87,97,1
9.93,88,1
8.49,78,1
7.68,92,1
6.55,40,0
9.07,88,1
8.42,56,0
5.81,82,0
9.55,64,1
9.11,98,1
9.75,100,1
8.63,42,0
8.07,54,0
7.09,68,1
9.66,92,1
9.33,82,1
5.23,71,0
5.13,65,0
6.88,99,0
9.05,55,0
9.94,64,1
5.75,93,0
7.97,67,1
6.9,48,0
9.85,95,1
9.21,95,1
9.19,40,0
7.34,68,1
7.07,96,1
6.37,61,0
5.28,55,0
9.32,80,1
9.06,90,1
10.0,83,1
9.98,90,1
7.78,93,1
8.84,80,1
9.72,46,0
9.25,53,0
6.24,68,0
7.25,58,0
5.65,58,0
9.77,41,0
8.03,80,1
6.14,84,0
8.36,54,0
8.09,42,0
6.79,50,0
5.57,92,0
8.36,85,1
7.6,69,1
8.86,96,1
7.6,79,1
9.26,57,0
7.76,90,1
7.8,87,1
9.38,41,0
7.02,71,1
5.67,47,0
5.14,61,0
8.78,45,0
8.1,51,0
8.52,86,1
6.06,96,0
5.68,79,0
5.07,75,0
6.75,54,0
7.95,67,1
6.96,91,0
7.19,96,1
9.52,88,1
6.74,84,0
7.57,57,0
8.92,41,0
6.98,52,0
8.11,84,1
9.31,93,1
9.75,54,0
5.74,59,0
9.63,68,1
7.46,98,1
6.29,81,0
7.3,68,1
9.9,42,0
7.46,58,0
6.64,42,0
8.17,93,1
6.2,53,0
5.38,79,0
5.64,98,0
5.64,94,0
5.76,43,0
5.69,98,0
8.2,99,1
5.91,91,0
6.73,50,0
9.48,97,1
7.37,70,1
8.34,82,1
5.86,71,0
5.96,66,0
5.2,69,0
5.84,82,0
6.39,41,0
5.89,88,0
5.44,48,0
5.6,67,0
7.3,70,1
6.03,99,0
6.82,73,0
7.52,100,1
8.45,95,1
5.2,54,0
9.0,87,1
8.14,64,1
5.41,75,0
9.37,47,0
9.6,48,0
5.31,97,0
6.38,97,0
9.03,76,1
8.74,87,1
5.92,84,0
6.05,78,0
6.85,71,0
7.42,97,1
8.09,91,1
6.84,56,0
7.31,74,1
8.74,76,1
5.18,58,0
6.26,83,0
8.57,68,1
9.48,98,1
7.56,46,0
7.66,67,1
5.54,48,0
7.24,67,1
7.66,45,0
6.21,68,0
6.35,97,0
6.89,56,0
5.1,55,0
6.61,62,0
6.06,70,0
6.64,42,0
5.6,60,0
9.45,65,1
7.97,75,1
8.4,81,1
8.95,76,1
7.49,92,1
5.43,61,0
7.69,81,1
7.93,51,0
8.73,81,1
7.16,100,1
5.64,52,0
6.42,50,0
6.82,93,0
8.23,55,0
7.85,47,0
6.78,79,0
9.93,98,1
8.03,96,1
6.19,79,0
5.51,84,0
5.76,98,0
6.23,41,0
5.8,69,0
5.93,69,0
6.43,51,0
5.87,49,0
9.48,83,1
5.4,50,0
7.62,54,0
7.05,55,0
9.91,56,0
5.56,65,0
6.99,41,0
9.85,89,1
9.33,51,0
9.09,90,1
6.29,65,0
5.85,62,0
8.34,57,0
9.65,71,1
7.78,88,1
7.86,77,1
6.4,96,0
8.85,86,1
5.94,42,0
6.62,77,0
7.13,42,0
7.54,69,1
6.21,100,0
5.57,40,0
8.05,69,1
6.44,84,0
7.91,71,1
5.77,67,0
7.41,60,1
7.66,97,1
5.26,85,0
6.68,52,0
5.67,66,0
5.32,75,0
9.95,46,0
6.61,61,0
9.05,49,0
6.27,78,0
8.41,92,1
8.8,54,0
7.98,54,0
7.36,43,0
7.06,71,1
6.74,62,0
9.65,94,1
9.15,45,0
9.83,63,1
5.62,59,0
8.65,97,1
9.69,76,1
5.91,59,0
5.33,51,0
8.71,72,1
7.87,67,1
9.21,47,0
5.7,40,0
8.98,76,1
6.01,61,0
5.82,45,0
5.82,100,0
9.07,60,1
8.33,71,1
7.62,74,1
6.79,54,0
9.39,44,0
6.96,99,0
9.08,95,1
7.2,85,1
6.88,89,0
7.31,87,1
6.51,45,0
8.74,64,1
7.51,95,1
6.16,85,0
9.5,98,1
6.92,95,0
7.72,79,1
9.53,68,1
8.12,46,0
5.58,79,0
9.7,52,0
8.14,77,1
6.67,57,0
5.7,41,0
8.97,47,0
8.1,50,0
7.67,72,1
9.47,93,1
8.94,100,1
5.76,77,0
6.56,87,0
6.24,66,0
8.72,59,0
5.17,51,0
7.85,82,1
8.81,100,1
9.38,70,1
6.71,66,0
9.11,71,1
5.55,100,0
9.23,49,0
5.64,42,0
6.99,84,0
8.99,66,1
5.75,74,0
6.15,70,0
8.61,54,0
8.6,55,0
8.21,100,1
8.47,52,0
7.71,88,1
6.26,74,0
6.73,91,0
5.91,50,0
9.54,98,1
7.92,60,1
7.0,90,1
7.31,93,1
9.74,50,0
5.77,69,0
7.93,99,1
7.53,87,1
8.06,92,1
5.09,74,0
9.36,61,1
9.66,77,1
7.83,70,1
8.48,53,0
9.61,63,1
8.54,89,1
5.76,88,0
7.88,71,1
8.03,75,1
7.12,71,1
8.68,94,1
9.67,54,0
9.63,82,1
7.25,97,1
5.57,74,0
9.92,42,0
9.19,55,0
5.62,44,0
9.6,60,1
9.35,100,1
7.59,49,0
7.96,58,0
7.0,64,1
5.27,43,0
6.68,100,0
9.01,68,1
5.02,58,0
6.67,82,0
6.99,41,0
7.69,49,0
9.6,100,1
6.73,82,0
6.73,64,0
8.69,59,0
7.26,87,1
6.12,58,0
7.26,62,1
5.7,63,0
5.88,50,0
7.49,85,1
7.09,73,1
9.57,94,1
6.81,67,0
7.9,44,0
8.16,98,1
5.07,44,0
8.32,90,1
5.89,60,0
9.81,51,0
5.74,89,0
7.07,43,0
5.43,93,0
9.98,88,1
7.51,81,1
7.98,59,0
5.34,77,0
8.75,64,1
6.05,53,0
9.49,50,0
6.03,71,0
5.95,50,0
5.18,100,0
7.36,57,0
7.82,66,1
5.33,94,0
8.88,93,1
7.27,57,0
7.62,95,1
7.2,62,1
7.0,50,0
7.8,60,1
5.78,83,0
5.91,44,0
9.31,62,1
9.73,80,1
6.87,98,0
6.35,64,0
8.22,80,1
7.04,93,1
5.13,49,0
5.78,61,0
8.58,58,0
8.29,40,0
5.14,46,0
6.11,43,0
6.16,40,0
8.36,54,0
5.1,79,0
5.52,51,0
9.0,61,1
5.89,61,0
8.26,89,1
6.19,86,0
5.5,56,0
6.22,68,0
8.61,85,1
9.28,53,0
9.15,89,1
6.99,59,0
8.34,89,1
6.02,87,0
6.47,72,0
9.48,94,1
5.07,98,0
5.43,82,0
6.04,54,0
5.13,51,0
5.91,79,0
7.92,93,1
7.11,59,0
9.46,69,1
9.09,77,1
6.71,42,0
6.3,67,0
6.9,95,0
7.95,65,1
6.34,69,0
8.12,52,0
7.05,52,0
7.76,41,0
7.18,76,1
6.47,88,0
9.74,77,1
8.82,41,0
5.7,75,0
9.34,93,1
7.44,65,1
9.47,50,0
9.0,47,0
7.13,83,1
5.11,79,0
6.34,82,0
7.71,61,1
8.17,59,0
6.29,47,0
5.7,68,0
9.17,79,1
9.92,65,1
7.63,69,1
5.86,56,0
6.36,59,0
5.09,91,0
9.57,94,1
5.59,55,0
7.88,85,1
6.37,82,0
7.77,46,0
8.26,55,0
9.15,84,1
6.03,98,0
5.05,86,0
5.68,95,0
9.5,87,1
9.37,66,1
7.99,92,1
8.0,62,1
8.33,63,1
5.88,48,0
9.57,74,1
7.09,90,1
6.92,59,0
7.59,76,1
5.23,81,0
5.83,56,0
8.69,86,1
5.41,70,0
8.02,94,1
6.23,96,0
6.95,47,0
6.44,54,0
6.78,70,0
8.6,92,1
6.49,69,0
7.83,85,1
7.38,59,0
8.32,99,1
9.68,78,1
8.66,92,1
6.07,94,0
5.16,51,0
6.31,88,0
7.98,56,0
5.26,81,0
7.48,69,1
7.98,68,1
6.67,58,0
8.85,85,1
5.53,50,0
5.38,73,0
8.64,89,1
7.48,46,0
8.44,83,1
7.17,97,1
6.23,73,0
9.1,98,1
9.0,59,0
8.47,89,1
6.36,77,0
7.95,63,1
6.8,49,0
5.46,71,0
9.59,91,1
5.68,54,0
9.75,76,1
7.23,59,0
5.93,42,0
7.71,76,1
9.36,96,1
8.66,79,1
9.03,47,0
8.29,79,1
8.46,83,1
9.25,95,1
6.25,62,0
7.45,79,1
6.11,50,0
9.94,85,1
9.72,47,0
5.2,68,0
8.53,69,1
9.63,95,1
5.9,99,0
7.84,49,0
9.58,78,1
5.17,67,0
8.49,88,1
6.49,75,0
9.62,100,1
9.86,52,0
9.72,71,1
7.37,75,1
9.31,76,1
9.22,65,1
6.6,61,0
9.14,43,0
5.19,70,0
7.98,57,0
6.15,77,0
5.6,63,0
5.38,95,0
8.48,62,1
6.7,61,0
8.62,41,0
5.33,70,0
6.58,94,0
7.7,50,0
8.95,67,1
6.59,85,0
8.13,71,1
9.43,44,0
8.08,77,1
6.16,49,0
5.12,79,0
9.35,85,1
5.11,63,0
9.37,74,1
7.64,83,1
9.7,87,1
8.99,99,1
9.99,62,1
6.75,56,0
8.84,40,0
7.01,94,1
7.4,70,1
8.14,70,1
9.37,81,1
9.92,96,1
8.84,94,1
7.09,81,1
7.11,92,1
8.69,95,1
6.19,73,0
5.55,48,0
6.77,61,0
6.44,52,0
6.48,64,0
6.17,87,0
5.21,57,0
5.09,90,0
9.94,51,0
7.14,79,1
6.92,56,0
8.4,54,0
6.09,81,0
9.75,54,0
8.93,54,0
5.45,94,0
7.09,78,1
9.4,52,0
9.72,56,0
7.34,71,1
8.07,48,0
5.84,79,0
9.96,59,0
6.16,65,0
9.71,66,1
8.25,60,1
8.04,57,0
7.56,52,0
6.15,55,0
5.88,48,0
6.1,51,0
5.93,83,0
8.9,77,1
6.75,58,0
5.29,99,0
9.85,46,0
9.42,96,1
9.64,74,1
9.97,87,1
5.87,57,0
6.98,55,0
8.79,94,1
8.48,78,1
5.77,43,0
9.08,98,1
6.12,64,0
6.12,71,0
7.68,79,1
7.96,52,0
7.9,84,1
5.46,56,0
9.39,88,1
6.33,76,0
5.65,45,0
9.44,58,0
9.78,52,0
9.31,96,1
9.05,99,1
8.28,65,1
7.75,53,0
5.43,70,0
7.04,93,1
6.86,43,0
6.3,99,0
8.62,78,1
7.48,47,0
5.41,64,0
6.1,52,0
8.42,71,1
5.38,98,0
9.26,77,1
7.48,77,1
7.4,95,1
7.96,67,1
9.12,92,1
6.74,69,0
8.39,42,0
7.83,67,1
6.34,42,0
9.39,84,1
8.99,93,1
8.29,73,1
9.25,55,0
9.34,61,1
8.54,71,1
9.19,100,1
8.49,77,1
8.4,47,0
8.09,94,1
8.76,47,0
5.79,96,0
9.4,45,0
9.36,53,0
5.15,71,0
9.13,74,1
5.64,49,0
6.68,42,0
8.72,98,1
5.8,51,0
9.09,88,1
9.16,98,1
7.54,70,1
5.03,68,0
6.44,44,0
8.08,91,1
9.91,64,1
8.16,80,1
6.3,70,0
8.17,60,1
7.7,97,1
8.9,59,0
5.53,78,0
8.81,61,1
7.71,43,0
9.81,52,0
6.71,84,0
8.16,81,1
9.66,89,1
5.51,88,0
9.69,59,0
8.44,91,1
5.34,52,0
6.5,56,0
8.54,93,1
5.34,75,0
7.91,72,1
6.73,40,0
8.1,54,0
5.23,52,0
9.36,56,0
9.87,63,1
9.84,97,1
8.75,47,0
5.65,89,0
8.79,66,1
5.12,84,0
5.11,62,0
6.62,85,0
7.44,47,0
8.85,47,0
8.42,98,1
7.23,65,1
6.37,86,0
9.99,98,1
7.13,52,0
7.26,78,1
5.82,76,0
8.97,88,1
8.47,67,1
6.1,64,0
5.41,100,0
8.4,55,0
8.27,94,1
6.37,41,0
9.75,93,1
5.76,57,0
7.16,56,0
9.72,69,1
7.1,78,1
8.19,52,0
6.99,71,0
6.37,89,0
9.92,68,1
7.05,85,1
9.47,69,1
6.15,57,0
6.07,52,0
5.16,82,0
8.26,60,1
6.84,69,0
9.32,60,1
7.37,87,1
9.84,94,1
5.93,56,0
9.34,79,1
8.88,58,0
8.85,91,1
9.22,54,0
8.81,48,0
8.13,91,1
5.66,49,0
5.16,83,0
9.6,70,1
8.08,92,1
8.98,62,1
7.41,91,1
5.59,69,0
5.63,72,0
8.43,96,1
7.15,91,1
6.0,48,0
7.46,93,1
5.32,86,0
7.91,40,0
6.34,83,0
8.99,74,1
6.55,50,0
7.28,73,1
5.06,55,0
5.36,48,0
6.96,71,0
7.4,54,0
8.0,51,0
6.46,72,0
8.47,84,1
9.3,53,0
8.9,96,1
5.2,96,0
7.4,47,0
5.52,47,0
6.21,66,0
9.93,51,0
5.71,40,0
7.49,82,1
8.09,79,1
8.51,81,1
7.8,90,1
5.05,50,0
6.63,78,0
7.59,82,1
5.44,70,0
6.75,56,0
5.17,72,0
5.39,71,0
6.98,97,0
5.66,68,0
7.84,60,1
8.45,60,1
9.0,79,1
6.0,62,0
5.84,95,0
5.52,45,0
8.18,61,1
8.53,89,1
5.16,77,0
9.68,76,1
5.26,84,0
7.71,90,1
8.55,93,1
9.35,47,0
8.57,80,1
9.01,88,1
6.7,74,0
9.07,90,1
5.4,50,0
9.47,63,1
7.74,88,1
9.09,60,1
7.26,90,1
8.22,41,0
7.63,79,1
8.66,58,0
5.41,78,0
5.3,67,0
6.24,98,0
5.8,56,0
9.36,45,0
6.1,58,0
9.88,95,1
6.68,77,0
5.91,67,0
8.95,41,0
8.29,77,1
7.49,94,1
7.78,76,1
8.6,90,1
6.14,91,0
9.98,43,0
9.87,61,1
8.25,65,1
6.0,88,0
8.4,82,1
5.36,75,0
5.15,97,0
6.29,52,0
7.31,91,1
9.34,97,1
8.64,71,1
8.71,56,0
7.13,80,1
6.73,75,0
6.86,94,0
9.94,99,1
5.2,85,0
9.34,58,0
7.89,97,1
7.19,99,1
8.63,74,1
7.43,85,1
9.37,79,1
9.5,95,1
7.11,98,1
6.38,67,0
7.96,40,0
9.56,81,1
6.05,57,0
8.11,87,1
8.16,79,1
8.67,72,1
5.66,51,0
8.58,47,0
9.55,63,1
5.9,55,0
6.19,89,0
9.86,43,0
5.9,77,0
9.27,83,1
7.46,66,1
6.24,48,0
9.35,86,1
7.23,55,0
7.57,95,1
6.8,51,0
7.96,70,1
5.82,63,0
6.96,94,0
9.85,53,0
6.29,84,0
8.28,64,1
6.63,73,0
8.87,42,0
5.65,97,0
9.85,63,1
7.27,93,1
6.18,81,0
5.37,48,0
5.85,65,0
7.6,59,0
6.69,79,0
9.14,49,0
7.15,58,0
6.24,42,0
8.09,63,1
8.53,44,0
5.84,42,0
5.84,97,0
5.18,66,0
8.68,55,0
8.32,88,1
7.37,54,0
9.22,74,1
9.03,51,0
7.93,80,1
9.34,92,1
6.03,83,0
5.56,65,0
6.35,86,0
5.29,73,0
7.66,62,1
9.68,70,1
5.2,89,0
5.61,59,0
7.26,51,0
9.67,62,1
6.58,43,0
7.54,62,1
5.21,87,0
5.74,94,0
9.93,87,1
9.83,40,0
5.02,93,0
9.76,64,1
8.2,41,0
9.34,69,1
7.27,42,0
7.58,97,1
7.44,60,1
8.33,64,1
5.7,59,0
5.15,88,0
6.54,91,0
8.52,61,1
6.01,60,0
8.37,100,1
9.85,72,1
5.47,91,0
8.36,77,1
7.22,100,1
9.34,54,0
5.89,97,0
8.46,97,1
9.19,85,1
9.72,91,1
8.42,54,0
7.49,85,1
8.09,64,1
9.34,60,1
7.85,63,1
5.15,96,0
9.65,97,1
8.45,44,0
8.38,45,0
6.08,88,0
8.29,82,1
6.97,87,0
8.26,83,1
5.53,86,0
8.29,62,1
10.0,43,0
5.24,66,0
9.89,57,0
7.03,60,1
9.35,67,1
8.91,74,1
7.84,61,1
8.69,79,1
9.39,62,1
7.02,42,0
6.64,79,0
8.34,89,1
9.04,49,0
8.81,64,1
8.99,91,1
7.18,88,1
9.09,47,0
5.6,94,0
7.72,50,0
5.03,100,0
6.62,44,0
6.83,97,0
6.98,84,0
8.48,92,1
6.94,94,0
7.24,76,1
6.19,95,0
6.87,98,0
6.14,84,0
5.37,77,0
8.02,68,1
8.34,44,0
8.1,48,0
7.32,98,1
6.9,87,0
9.32,41,0
7.6,40,0
7.4,79,1
5.13,99,0
6.71,90,0
6.9,69,0
6.99,50,0
7.9,67,1
7.67,83,1
8.04,51,0
8.82,78,1
9.06,65,1
8.59,52,0
9.78,98,1
5.09,47,0
5.98,100,0
5.04,100,0
8.24,93,1
9.49,67,1
6.22,97,0
9.64,69,1
5.3,48,0
9.67,78,1
6.76,70,0
5.51,97,0
7.43,60,1
6.28,95,0
6.42,86,0
6.54,73,0
9.02,94,1
7.7,70,1
6.56,91,0
8.05,64,1
8.58,51,0
6.36,40,0
7.07,94,1
5.61,61,0
5.91,79,0
8.41,76,1
5.91,86,0
7.63,40,0
8.55,40,0
5.53,96,0
7.84,81,1
6.28,93,0
9.81,81,1
7.42,60,1
9.03,54,0
7.75,56,0
5.22,61,0
8.17,77,1
9.76,74,1
8.01,84,1
9.1,55,0
9.42,47,0
6.14,86,0
6.06,56,0
8.05,56,0
7.06,93,1
9.2,65,1
9.5,52,0
6.77,56,0
6.18,77,0
8.9,56,0
6.37,87,0
9.11,53,0
7.12,84,1
8.34,45,0
5.48,74,0
8.12,85,1
7.26,53,0
7.93,86,1
5.84,47,0
8.68,100,1
9.31,54,0
6.08,93,0
5.48,100,0
5.12,66,0
8.21,52,0
8.04,88,1
7.73,70,1
6.16,92,0
6.95,95,0
7.97,74,1
7.48,99,1
9.94,45,0
5.68,44,0
8.48,61,1
7.02,97,1
7.14,88,1
8.59,62,1
8.46,64,1
9.96,73,1
5.64,65,0
5.52,86,0
8.62,44,0
7.89,65,1
6.37,59,0
5.4,45,0
5.43,45,0
9.47,98,1
5.96,89,0
6.62,57,0
6.13,43,0
6.77,56,0
5.35,96,0
7.6,53,0
5.34,53,0
9.0,52,0
6.17,46,0
7.7,83,1
9.4,94,1
8.25,54,0
7.66,58,0
6.62,82,0
6.67,86,0
8.35,83,1
9.97,74,1
8.31,56,0
7.79,74,1
8.65,58,0
7.33,59,0
5.3,75,0
7.81,74,1
9.79,71,1
5.88,97,0
8.45,87,1
6.0,83,0
7.68,79,1
5.48,63,0
7.25,100,1
8.78,100,1
6.74,56,0
8.32,46,0
8.98,82,1
9.64,89,1
6.17,40,0
7.0,74,1
5.76,71,0
9.96,75,1
9.64,52,0
7.7,45,0
9.21,97,1
7.6,53,0
8.12,76,1
5.45,87,0
8.78,54,0
5.64,86,0
9.13,43,0
8.91,79,1
8.54,98,1
5.18,55,0
6.52,67,0
6.32,55,0
6.8,43,0
5.44,84,0
9.68,65,1
7.77,67,1
6.53,71,0
6.98,84,0
7.24,41,0
8.0,70,1
7.58,42,0
9.6,93,1
7.48,47,0
9.96,63,1
9.26,54,0
6.04,82,0
9.65,70,1
5.58,48,0
9.09,78,1
6.9,84,0
9.39,41,0
9.34,47,0
9.03,46,0
8.95,95,1
6.52,83,0
5.4,90,0
7.01,78,1
5.87,81,0
8.47,100,1
6.73,96,0
9.88,55,0
8.2,74,1
9.11,69,1
5.66,49,0
9.31,77,1
9.61,57,0
7.44,89,1
8.03,44,0
8.82,92,1
5.87,68,0
7.51,78,1
6.99,99,0
5.73,73,0
6.84,82,0
5.34,84,0
5.13,62,0
5.68,44,0
9.82,69,1
7.75,45,0
9.83,95,1
7.16,97,1
6.56,100,0
7.53,85,1
7.2,83,1
5.53,43,0
8.2,68,1
6.08,62,0
8.1,45,0
8.25,71,1
5.76,81,0
5.31,57,0
8.9,54,0
7.3,79,1
5.29,97,0
9.97,71,1
5.29,48,0
8.48,76,1
9.92,49,0
6.2,59,0
5.71,45,0
5.61,87,0
6.52,95,0
5.51,98,0
8.46,42,0
5.31,81,0
7.55,50,0
9.98,82,1
9.07,56,0
8.08,71,1
6.53,43,0
8.12,43,0
7.64,56,0
7.13,80,1
5.65,58,0
9.43,44,0
7.25,71,1
5.97,61,0
6.84,95,0
7.07,45,0
9.14,74,1
8.67,61,1
8.85,40,0
5.06,59,0
7.08,61,1
7.41,87,1
5.1,94,0
6.3,50,0
8.8,52,0
5.69,98,0
7.68,81,1
6.08,42,0
5.06,48,0
6.21,99,0
9.88,51,0
9.01,62,1
9.8,53,0
7.44,72,1
5.55,57,0
7.74,88,1
7.27,98,1
9.22,80,1
5.49,48,0
7.44,62,1
5.75,49,0
6.62,58,0
8.69,100,1
7.38,86,1
6.88,44,0
6.97,86,0
7.3,91,1
8.93,62,1
9.46,69,1
9.78,64,1
8.93,67,1
6.58,73,0
8.44,84,1
7.19,95,1
6.27,87,0
9.2,86,1
5.19,64,0
9.51,49,0
7.31,53,0
8.19,81,1
8.3,96,1
9.48,85,1
8.18,97,1
8.07,69,1
5.33,94,0
7.59,80,1
5.75,64,0
8.69,53,0
7.56,74,1
8.4,91,1
5.21,87,0
5.42,73,0
8.58,49,0
5.36,74,0
5.36,50,0
5.06,50,0
9.78,60,1
8.69,60,1
6.77,61,0
6.48,84,0
6.75,46,0
8.87,94,1
8.31,56,0
5.93,41,0
5.87,51,0
5.49,96,0
8.3,81,1
8.82,57,0
6.33,93,0
5.1,98,0
5.41,50,0
9.84,55,0
6.48,88,0
8.85,90,1
8.12,57,0
6.91,74,0
6.03,92,0
5.61,98,0
8.08,65,1
8.87,55,0
8.22,45,0
7.65,96,1
5.21,83,0
9.84,82,1
8.99,86,1
6.46,86,0
9.9,87,1
8.01,81,1
7.91,51,0
8.74,99,1
9.06,52,0
8.28,43,0
5.64,78,0
6.69,93,0
9.64,41,0
6.12,65,0
6.86,98,0
7.16,66,1
7.2,66,1
8.06,54,0
9.72,47,0
6.2,46,0
5.61,86,0
5.99,94,0
9.43,85,1
8.23,79,1
6.43,99,0
9.08,51,0
9.31,52,0
9.23,82,1
9.59,56,0
6.26,100,0
8.78,56,0
7.3,95,1
9.21,75,1
8.64,60,1
8.88,47,0
8.28,44,0
5.89,65,0
7.73,55,0
9.92,75,1
9.69,67,1
5.22,93,0
5.82,68,0
5.66,86,0
8.63,51,0
9.09,76,1
6.07,69,0
7.53,62,1
9.2,55,0
8.66,53,0
7.71,49,0
7.95,46,0
7.54,84,1
6.49,91,0
7.83,99,1
8.44,100,1
9.37,76,1
8.18,68,1
8.81,42,0
5.8,54,0
7.31,75,1
5.05,86,0
6.23,85,0
8.63,91,1
9.96,58,0
5.5,52,0
7.01,81,1
9.0,60,1
6.02,76,0
7.78,66,1
8.67,94,1
8.08,91,1
5.94,68,0
6.78,59,0
8.92,64,1
7.77,45,0
5.03,75,0
8.8,41,0
5.18,61,0
8.73,71,1
6.01,55,0
9.79,57,0
6.84,44,0
6.63,93,0
5.74,75,0
6.53,69,0
9.38,84,1
9.98,58,0
6.84,62,0
7.24,73,1
8.61,52,0
9.43,82,1
7.97,93,1
6.96,68,0
7.06,75,1
8.48,61,1
5.02,91,0
8.1,91,1
6.78,86,0
8.97,75,1
5.46,48,0
7.94,78,1
7.4,90,1
8.21,58,0
5.32,77,0
7.9,45,0
7.81,91,1
7.8,86,1
8.02,54,0
8.38,96,1
9.02,59,0
6.35,48,0
9.13,71,1
7.49,43,0
5.39,89,0
5.29,57,0
6.67,44,0
8.92,59,0
8.54,62,1
8.94,50,0
7.59,76,1
7.2,61,1
5.74,97,0
6.64,43,0
7.17,68,1
5.44,83,0
6.1,73,0
7.99,52,0
8.68,81,1
9.99,48,0
9.67,81,1
8.21,70,1
7.11,46,0
8.18,43,0
8.93,58,0
5.59,81,0
7.05,69,1
9.2,70,1
6.92,74,0
7.86,96,1
7.94,60,1
5.92,100,0
6.81,70,0
6.67,58,0
5.13,70,0
5.12,92,0
9.16,71,1
6.37,41,0
7.59,98,1
6.49,91,0
9.7,49,0
6.3,41,0
7.15,41,0
9.36,99,1
9.21,63,1
5.93,56,0
9.01,71,1
7.29,55,0
7.41,55,0
5.67,85,0
5.4,78,0
8.64,92,1
7.48,70,1
7.18,82,1
8.65,63,1
8.83,40,0
5.79,50,0
8.05,94,1
5.68,60,0
8.76,43,0
8.28,46,0
9.78,65,1
5.34,86,0
5.29,89,0
6.41,51,0
6.31,70,0
6.23,56,0
9.53,72,1
6.25,50,0
6.36,67,0
8.8,71,1
7.25,40,0
8.88,86,1
5.33,67,0
7.44,92,1
5.17,81,0
5.31,46,0
9.53,41,0
5.7,81,0
7.66,63,1
7.06,43,0
6.74,83,0
9.5,58,0
5.11,65,0
8.32,50,0
9.82,79,1
7.8,89,1
9.68,82,1
5.26,50,0
7.09,84,1
6.3,42,0
8.65,51,0
9.91,42,0
6.28,81,0
8.27,66,1
5.99,88,0
7.83,93,1
7.32,41,0
9.86,88,1
8.04,55,0
6.75,41,0
5.57,99,0
5.76,93,0
6.13,69,0
6.25,59,0
9.25,77,1
7.81,67,1
7.62,64,1
5.57,71,0
9.3,100,1
8.61,49,0
5.34,99,0
8.54,81,1
7.72,79,1
5.41,72,0
7.29,52,0
7.42,95,1
5.83,80,0
9.73,93,1
9.25,81,1
8.35,86,1
7.31,76,1
7.06,93,1
8.25,55,0
7.73,84,1
5.31,61,0
7.56,96,1
9.03,59,0
7.3,89,1
5.26,82,0
8.93,66,1
6.01,80,0
6.29,55,0
5.82,73,0
6.65,71,0
8.78,65,1
7.6,64,1
6.02,41,0
9.39,51,0
9.4,79,1
9.35,48,0
6.19,51,0
7.26,65,1
9.92,48,0
8.86,49,0
5.14,71,0
5.33,96,0
7.32,73,1
9.55,87,1
7.69,59,0
7.49,78,1
5.53,99,0
8.28,41,0
9.11,40,0
6.9,90,0
8.88,99,1
9.82,75,1
6.02,63,0
7.62,93,1
6.44,66,0
8.96,41,0
7.89,70,1
8.17,96,1
8.99,53,0
6.98,41,0
9.58,68,1
7.67,54,0
5.79,51,0
8.48,76,1
8.97,67,1
6.58,59,0
9.29,100,1
9.53,78,1
6.38,63,0
9.92,60,1
5.7,49,0
6.01,85,0
5.92,53,0
9.47,76,1
8.27,57,0
5.76,63,0
7.2,53,0
8.08,73,1
5.42,97,0
9.41,51,0
9.02,61,1
7.53,95,1
9.84,45,0
7.09,75,1
9.92,84,1
8.34,75,1
8.17,61,1
5.83,53,0
9.41,55,0
7.14,100,1
5.81,75,0
5.06,95,0
7.8,64,1
7.64,71,1
8.6,72,1
9.45,84,1
5.4,75,0
8.66,59,0
5.94,57,0
9.29,77,1
9.1,42,0
7.7,62,1
8.55,71,1
6.57,84,0
7.36,98,1
9.11,55,0
7.3,98,1
6.79,44,0
7.47,43,0
9.14,60,1
6.68,79,0
5.87,90,0
8.56,53,0
9.13,78,1
5.5,70,0
6.2,53,0
5.71,45,0
6.74,51,0
7.25,55,0
8.74,56,0
8.26,84,1
8.1,62,1
6.76,53,0
9.21,100,1
7.36,46,0
9.9,85,1
8.17,71,1
5.63,54,0
8.38,83,1
6.63,56,0
8.43,80,1
5.35,93,0
5.87,86,0
9.28,83,1
6.14,73,0
9.19,44,0
6.4,84,0
8.21,66,1
8.47,91,1
7.56,62,1
6.53,79,0
6.06,98,0
5.17,53,0
6.52,54,0
8.27,82,1
9.69,72,1
9.36,92,1
8.83,70,1
8.94,74,1
8.32,56,0
6.3,67,0
9.54,58,0
8.35,85,1
7.8,93,1
5.55,62,0
7.24,71,1
7.3,79,1
9.32,52,0
7.73,98,1
6.9,59,0
9.88,74,1
5.55,44,0
7.11,48,0
5.21,68,0
8.7,45,0
9.59,64,1
6.4,70,0
9.29,61,1
6.46,41,0
9.55,84,1
8.77,44,0
9.02,99,1
5.09,66,0
9.81,64,1
8.63,47,0
6.52,94,0
9.15,40,0
6.41,59,0
9.36,83,1
5.56,62,0
8.52,71,1
7.7,50,0
5.48,78,0
6.21,86,0
5.06,93,0
7.34,63,1
6.51,50,0
7.99,68,1
6.49,93,0
6.5,65,0
8.72,55,0
5.24,74,0
9.51,59,0
9.26,85,1
8.34,42,0
7.97,40,0
9.46,97,1
5.93,92,0
5.39,86,0
6.2,40,0
8.97,56,0
5.17,41,0
7.91,68,1
9.98,59,0
9.28,45,0
7.61,47,0
5.32,68,0
9.16,87,1
7.99,90,1
5.57,72,0
5.47,42,0
9.55,99,1
8.35,74,1
9.15,44,0
9.39,66,1
7.86,83,1
7.59,51,0
7.15,59,0
6.58,84,0
7.17,59,0
8.87,48,0
8.01,78,1
9.46,43,0
7.22,90,1
8.04,93,1
8.16,58,0
7.96,77,1
8.51,66,1
6.19,84,0
7.56,82,1
5.52,52,0
6.92,52,0
7.44,99,1
8.26,96,1
9.75,61,1
8.0,67,1
8.72,91,1
7.53,86,1
8.17,92,1
5.35,84,0
6.27,61,0
6.81,82,0
7.36,58,0
5.23,47,0
5.7,91,0
6.38,47,0
9.86,81,1
6.66,65,0
7.41,87,1
5.98,90,0
8.05,65,1
6.4,62,0
6.03,82,0
7.58,52,0
5.03,67,0
5.04,48,0
6.1,59,0
5.18,95,0
5.54,58,0
6.69,87,0
9.01,78,1
7.86,90,1
7.56,51,0
6.47,54,0
9.66,70,1
6.99,94,0
5.44,53,0
8.09,50,0
5.57,65,0
6.73,81,0
7.54,66,1
9.37,50,0
7.47,77,1
8.51,73,1
9.96,82,1
5.66,58,0
6.37,45,0
6.97,85,0
7.11,91,1
7.06,77,1
9.54,88,1
8.57,81,1
8.04,67,1
6.55,40,0
9.12,74,1
9.78,79,1
9.11,47,0
5.01,98,0
8.18,91,1
5.26,93,0
6.29,86,0
5.3,95,0
8.02,46,0
8.43,50,0
5.57,78,0
6.92,100,0
7.28,43,0
6.85,64,0
5.61,51,0
7.09,65,1
8.76,77,1
5.36,85,0
5.4,51,0
6.77,82,0
9.71,90,1
8.34,92,1
8.39,76,1
6.81,85,0
7.97,92,1
5.05,63,0
8.18,55,0
9.57,96,1
8.06,52,0
9.37,64,1
8.62,100,1
5.6,93,0
9.51,93,1
5.33,96,0
7.67,91,1
5.71,93,0
5.06,43,0
7.11,50,0
6.48,71,0
7.43,88,1
7.89,46,0
5.22,85,0
5.62,97,0
7.79,50,0
6.72,67,0
8.65,93,1
8.26,80,1
9.23,62,1
8.46,84,1
7.15,62,1
8.36,89,1
6.38,67,0
6.53,82,0
8.94,86,1
7.23,96,1
8.99,65,1
9.11,64,1
9.29,93,1
9.58,68,1
7.15,58,0
6.59,72,0
7.91,75,1
6.86,53,0
8.01,53,0
8.53,74,1
8.44,69,1
6.87,67,0
5.83,56,0
7.15,42,0
5.71,55,0
9.45,85,1
6.73,69,0
5.77,91,0
5.13,68,0
8.23,84,1
8.18,54,0
6.7,85,0
5.36,95,0
7.05,64,1
6.56,90,0
8.39,77,1
8.03,81,1
6.82,98,0
6.09,86,0
9.94,92,1
7.27,93,1
8.44,91,1
5.7,97,0
7.43,77,1
5.14,62,0
7.53,64,1
9.82,81,1
6.92,46,0
5.19,61,0
5.15,56,0
6.94,57,0
5.8,88,0
5.12,80,0
8.78,49,0
7.29,49,0
6.45,96,0
9.5,46,0
5.58,87,0
9.78,100,1
6.57,89,0
9.44,77,1
8.01,66,1
9.13,91,1
9.92,72,1
6.44,40,0
9.81,83,1
6.95,92,0
6.93,99,0
6.7,73,0
7.71,43,0
5.77,56,0
7.77,43,0
7.71,82,1
8.81,93,1
9.17,65,1
7.2,43,0
6.51,40,0
6.3,46,0
5.97,69,0
5.29,89,0
6.71,48,0
6.35,100,0
9.83,74,1
7.79,47,0
6.74,100,0
7.9,63,1
5.7,58,0
7.22,75,1
8.13,89,1
7.44,91,1
7.01,98,1
9.97,82,1
9.4,66,1
8.12,71,1
7.85,53,0
8.1,96,1
6.01,57,0
6.98,67,0
5.2,99,0
7.38,68,1
7.72,55,0
6.14,74,0
9.82,86,1
9.55,98,1
8.61,98,1
7.67,70,1
9.35,43,0
5.65,76,0
8.95,56,0
5.62,78,0
8.97,87,1
6.38,85,0
9.39,65,1
9.72,87,1
5.74,78,0
7.31,80,1
9.9,43,0
7.42,69,1
9.32,69,1
7.94,61,1
6.88,50,0
6.43,41,0
6.02,83,0
8.81,51,0
6.93,69,0
7.56,75,1
7.46,57,0
7.89,65,1
9.33,92,1
9.9,46,0
7.04,100,1
9.14,40,0
8.82,97,1
7.87,65,1
9.78,62,1
6.0,65,0
5.55,84,0
9.27,45,0
7.2,45,0
9.23,83,1
9.47,47,0
5.31,63,0
9.42,61,1
7.24,58,0
7.55,76,1
8.13,57,0
9.63,70,1
5.1,76,0
7.38,69,1
8.44,96,1
8.61,81,1
8.46,72,1
5.67,49,0
6.5,76,0
6.79,51,0
9.02,93,1
6.39,69,0
6.05,66,0
9.79,78,1
5.04,48,0
9.99,93,1
8.38,60,1
9.14,51,0
6.47,94,0
5.07,68,0
8.69,72,1
9.17,82,1
8.7,92,1
5.71,54,0
8.77,41,0
8.84,91,1
8.29,78,1
8.83,92,1
9.23,83,1
8.07,93,1
5.44,57,0
7.44,42,0
5.39,46,0
7.04,82,1
7.04,57,0
5.33,83,0
6.74,77,0
5.55,76,0
9.04,97,1
9.74,72,1
5.36,83,0
9.78,98,1
7.61,70,1
6.5,97,0
5.38,50,0
7.5,43,0
8.97,98,1
8.54,57,0
5.25,43,0
5.36,88,0
7.01,73,1
6.48,68,0
6.16,63,0
6.41,61,0
9.02,41,0
9.65,83,1
7.03,45,0
9.53,81,1
6.61,64,0
7.38,94,1
6.13,96,0
8.2,60,1
9.89,94,1
8.02,98,1
6.79,55,0
8.24,70,1
5.61,53,0
9.44,78,1
7.52,67,1
7.25,71,1
7.93,67,1
8.12,90,1
5.36,94,0
8.41,88,1
6.21,48,0
8.57,97,1
9.11,84,1
9.02,61,1
7.76,71,1
7.6,44,0
5.71,62,0
8.88,44,0
6.36,81,0
7.48,92,1
6.42,71,0
5.67,98,0
8.15,49,0
5.27,98,0
8.74,78,1
6.59,97,0
5.0,54,0
7.56,46,0
5.23,68,0
6.38,98,0
8.53,86,1
5.31,42,0
9.2,58,0
5.02,49,0
6.23,67,0
8.7,68,1
6.58,54,0
5.51,74,0
6.8,45,0
6.35,51,0
9.21,86,1
6.57,77,0
8.94,52,0
9.46,68,1
7.17,58,0
9.55,42,0
6.89,47,0
9.82,47,0
5.45,94,0
8.44,97,1
7.47,59,0
6.94,86,0
8.16,43,0
8.52,90,1
5.02,60,0
5.83,42,0
8.57,84,1
8.33,47,0
9.83,62,1
8.81,55,0
9.75,52,0
8.51,42,0
6.49,87,0
5.53,48,0
8.91,99,1
8.22,53,0
5.24,52,0
6.8,92,0
9.78,96,1
7.5,46,0
7.16,54,0
7.29,46,0
6.04,77,0
6.84,73,0
6.85,80,0
5.26,61,0
8.84,63,1
7.08,88,1
9.11,76,1
9.25,83,1
6.06,40,0
8.29,49,0
7.36,82,1
9.4,55,0
6.08,85,0
8.39,47,0
8.04,95,1
6.48,88,0
5.68,64,0
8.26,89,1
8.69,51,0
6.58,64,0
8.22,56,0
6.98,99,0
8.57,65,1
6.0,85,0
9.45,87,1
6.44,53,0
6.84,80,0
5.29,75,0
5.56,96,0
7.58,62,1
6.34,82,0
9.18,45,0
5.07,86,0
6.9,44,0
6.69,82,0
5.1,64,0
5.62,57,0
7.07,52,0
7.46,82,1
7.02,53,0
7.65,67,1
7.98,57,0
5.05,98,0
7.32,99,1
9.82,96,1
7.6,67,1
8.39,90,1
6.56,95,0
8.87,66,1
8.86,71,1
7.61,86,1
9.88,48,0
5.63,79,0
5.08,71,0
8.85,59,0
9.04,67,1
5.6,72,0
6.33,43,0
5.09,85,0
6.47,96,0
8.87,73,1
7.59,87,1
6.74,42,0
6.86,65,0
5.01,47,0
6.5,45,0
8.23,55,0
9.87,63,1
9.24,87,1
5.12,78,0
9.49,69,1
8.92,84,1
8.9,52,0
7.29,44,0
6.99,64,0
6.51,59,0
5.33,93,0
6.14,57,0
6.23,86,0
7.42,57,0
8.74,41,0
7.37,49,0
5.29,94,0
9.79,84,1
9.71,89,1
8.93,86,1
9.96,51,0
7.72,86,1
9.81,52,0
5.38,89,0
6.83,86,0
6.13,96,0
5.98,94,0
5.7,50,0
8.11,58,0
8.91,74,1
7.89,78,1
5.73,92,0
9.06,65,1
8.18,85,1
6.94,53,0
8.37,93,1
6.3,84,0
6.73,83,0
9.59,63,1
6.45,80,0
7.35,40,0
9.45,90,1
8.54,82,1
5.31,94,0
5.74,61,0
5.04,62,0
8.15,95,1
7.24,93,1
5.67,58,0
9.79,57,0
7.65,51,0
6.21,94,0
7.5,67,1
8.4,67,1
5.38,99,0
6.37,98,0
9.03,72,1
7.3,58,0
7.73,67,1
7.16,98,1
5.22,91,0
5.83,100,0
7.23,88,1
6.05,76,0
5.25,65,0
9.22,74,1
9.91,73,1
8.97,74,1
9.27,79,1
6.21,55,0
9.8,77,1
5.98,52,0
9.76,62,1
9.97,99,1
8.56,93,1
9.91,61,1
7.85,55,0
6.3,67,0
7.18,87,1
7.97,74,1
5.37,99,0
8.11,84,1
9.91,85,1
5.95,47,0
8.96,83,1
9.54,94,1
9.72,94,1
9.8,61,1
7.61,60,1
9.89,65,1
8.79,79,1
5.81,60,0
7.38,64,1
8.59,80,1
6.24,40,0
8.2,45,0
8.33,62,1
5.81,90,0
7.83,62,1
8.86,82,1
7.49,82,1
5.06,62,0
5.05,71,0
6.79,69,0
9.63,52,0
6.14,82,0
8.17,57,0
6.11,62,0
6.61,54,0
9.24,72,1
8.64,60,1
5.48,96,0
7.14,78,1
5.15,62,0
7.4,66,1
8.31,84,1
5.59,83,0
6.44,57,0
6.99,63,0
9.6,90,1
9.97,86,1
5.22,79,0
8.81,90,1
6.86,81,0
6.96,46,0
8.77,89,1
9.59,87,1
9.75,59,0
7.89,66,1
6.79,45,0
8.94,66,1
6.26,48,0
7.82,92,1
6.79,84,0
8.28,96,1
6.2,70,0
5.96,60,0
9.59,65,1
5.51,79,0
7.53,87,1
6.1,84,0
5.19,52,0
5.18,88,0
5.88,62,0
9.33,59,0
6.41,76,0
9.75,93,1
7.91,92,1
7.18,67,1
7.9,56,0
7.58,67,1
8.79,80,1
6.41,41,0
6.77,64,0
9.47,97,1
9.73,89,1
9.46,80,1
7.1,45,0
8.9,50,0
7.38,96,1
7.49,100,1
6.02,77,0
7.96,45,0
5.93,84,0
6.66,50,0
9.28,53,0
6.04,41,0
5.36,79,0
5.35,42,0
9.7,94,1
7.53,92,1
7.05,74,1
9.05,72,1
9.18,63,1
6.66,58,0
8.47,57,0
8.86,88,1
8.27,91,1
5.76,100,0
9.38,63,1
7.7,84,1
6.41,74,0
7.13,40,0
5.19,75,0
5.64,64,0
8.83,84,1
5.0,88,0
7.08,99,1
7.61,82,1
5.27,73,0
9.87,64,1
6.13,55,0
6.52,73,0
6.52,68,0
6.15,58,0
5.01,62,0
8.65,58,0
9.83,64,1
6.12,55,0
8.32,93,1
8.71,90,1
9.24,48,0
7.11,40,0
6.51,81,0
6.63,58,0
8.56,72,1
9.08,73,1
5.91,55,0
6.85,83,0
9.51,79,1
9.03,94,1
9.92,57,0
8.77,73,1
6.97,64,0
7.95,100,1
8.31,84,1
5.39,45,0
7.72,60,1
8.55,97,1
5.84,45,0
8.9,71,1
7.92,80,1
9.76,87,1
5.21,82,0
6.33,78,0
8.01,70,1
6.48,81,0
8.57,49,0
8.8,69,1
5.51,96,0
7.57,91,1
7.54,57,0
6.85,99,0
9.66,63,1
9.14,91,1
8.49,100,1
8.57,48,0
7.31,70,1
9.6,54,0
8.47,43,0
8.64,79,1
9.31,48,0
6.37,84,0
9.04,48,0
5.98,65,0
6.73,43,0
6.68,56,0
9.89,55,0
9.28,54,0
8.51,74,1
8.64,96,1
7.81,91,1
9.74,44,0
7.48,94,1
6.9,44,0
5.82,59,0
8.93,54,0
8.67,57,0
6.92,86,0
5.13,41,0
9.19,68,1
5.06,52,0
8.52,43,0
9.85,81,1
7.19,84,1
6.17,49,0
8.52,100,1
9.09,70,1
7.73,80,1
9.84,47,0
5.26,42,0
7.52,87,1
8.59,85,1
9.31,48,0
5.9,69,0
9.0,92,1
7.76,50,0
6.98,74,0
5.66,76,0
9.33,100,1
5.79,81,0
6.55,52,0
6.45,75,0
9.36,95,1
